,z_delta_+-,z_omega_pi,z_omega_-,mean_lambda,shd,scd,kappa,fcr,nu_svr,SPR_svr
mean,0.7341409945865343,0.44088931071218956,0.6896127048386632,0.8444924016195586,0.9332773950981118,0.6927058487535854,0.6208077916053736,0.8492769598964942,0.8088740915223164,0.9075708858689044
std,0.0007930534410423099,0.0026497259385522332,0.0012947784597790461,0.0004304393836047791,0.00018347327085318772,0.02251162083166718,0.0011503765567670429,0.00043656928611166354,0.0011419512708092873,0.00040638754451706064
