,z_delta_+-,z_omega_pi,z_omega_-,mean_lambda,shd,scd,kappa,fcr,nu_svr,SPR_svr
mean,0.7089121340239717,0.4409569597441337,0.6895716618273233,0.844475334749776,0.9332933645680274,0.6921466293975364,0.620811621761791,0.8492715106732991,0.8088497813238521,0.9075676298365284
std,0.0012280464916040927,0.0026415584690368844,0.0013326995664812791,0.00044048830483122445,0.00018229475092839878,0.02104361551763747,0.0011750696610017737,0.0004320736766357538,0.0011106662796351286,0.00039722176030963097
