,nu,mean_lambda,shd,scd,kappa
mean,0.7872872877330919,0.8669192556575624,0.9482103888916599,0.6633354515469152,0.6923589618752969
std,0.002204958936652163,0.0006081502090585323,0.00022661760352811038,0.10149337855241604,0.0017082247880543468
