,nu,mean_lambda,shd,scd,kappa
mean,0.8157549044688297,0.8669462545006834,0.9482172964919535,0.6667957131260841,0.692248370134353
std,0.0017782703462326346,0.0006250999440407356,0.00022412391571912524,0.10050948820275699,0.0017591404592357347
